m_id,Sender,Subject,Date,Snippet,Message_body,project
16687acdbf99111c,saish chore <saishu51@gmail.com>,re: cnlab programs,2018-10-18,"Thanks a lot. On Wed, Oct 17, 2018 at 8:06 PM Aaditya Deshpande &lt;aadityadeshpandeasmi@gmail.com&gt; wrote: shortest path ns2 wala naii ye RIP te windows madhe ahe ka ?","[<p>thanks a lot.

on wed, oct 17, 2018 at 8:06 pm aaditya deshpande &lt;
aadityadeshpandeasmi@gmail.com&gt; wrote:

&gt; shortest path ns2 wala naii ye
&gt; rip te windows madhe ahe ka ?
&gt;
</p>]",cn
1667d06503eaaaf6,gabriel from datacamp <team@datacamp.com>,how is content created at datacamp?,2018-10-16,"Content Library Growth in the Past 3 Months, Project Jupyter and Interactive Computing, Pandas Resampling Tutorial, Data Visualization In Python Using Bokeh, and more! DataCamp ISSUE #67 â€” OCTOBER 16,","[<p>content library growth in the past 3 months, project jupyter and interactive computing, pandas resampling tutorial, data visualization in python using bokeh, and more!

Â 

datacamp ( https://www.datacamp.com )

Â 

issue #67 â€” october 16, 2018

Â 

datacamp weekly ( https://www.datacamp.com/community/blog/how-content-is-created-datacamp )

hi there - this week's newsletter starts off with a blog post on the team behind the content at datacamp, followed by an overview of the content we've released in q3 this year, and whatâ€™s coming next. all of our content is designed to make it easier to learn, practice, and apply the data science skills youâ€™ll use in your career. we also have a new podcast episode out and wanted to share a couple of finance and neural network tutorials, a pandas resampling tutorial, and much more from our community!

Â 

-------
podcast
-------

Â 

dataframed by datacamp

-----------------------------------------
project jupyter and interactive computing
-----------------------------------------

new dataframed episode! learn about data science, interactive computing, open source software, and project jupyter with brian granger (co-founder of project jupyter).

listen now ( https://www.datacamp.com/community/podcast/project-jupyter-interactive-computing )

Â 

-------------------
community top posts
-------------------

Â 

1 ( https://www.datacamp.com/community/blog/how-content-is-created-datacamp )

---------------------------------------------------------------------------------------------------------------
how is content created at datacamp? ( https://www.datacamp.com/community/blog/how-content-is-created-datacamp )
---------------------------------------------------------------------------------------------------------------

Â 

datacampÂ Â |Â Â  posted by davidventuri

Â 

upvotes ( https://www.datacamp.com/community/blog/how-content-is-created-datacamp )

13

in this blog, learn about the team behind the screen that helps create the courses, practice exercises, and projects here at datacamp.

Â 

2 ( https://www.datacamp.com/community/blog/content-q3 )

------------------------------------------------------------------------------------------------------
our content library growth in the past 3 months ( https://www.datacamp.com/community/blog/content-q3 )
------------------------------------------------------------------------------------------------------

Â 

datacampÂ Â |Â Â  posted by martijn

Â 

upvotes ( https://www.datacamp.com/community/blog/content-q3 )

12

in this post, datacamp co-founder martijn theuwissen reflects on the new content we launched in q3 2018 and looks ahead to whatâ€™s coming in q4.

Â 

3 ( https://www.datacamp.com/community/news/all-about-vgg16-and-its-implementation-using-keras-noawfmi3ze )

--------------------------------------------------------------------------------------------------------------------------------------------------
vgg16 and its implementation using keras ( https://www.datacamp.com/community/news/all-about-vgg16-and-its-implementation-using-keras-noawfmi3ze )
--------------------------------------------------------------------------------------------------------------------------------------------------

Â 

neural networksÂ Â |Â Â  posted by rizwankhan19

Â 

upvotes ( https://www.datacamp.com/community/news/all-about-vgg16-and-its-implementation-using-keras-noawfmi3ze )

12

karen simonyan and andrew zisserman investigated the effect of convolutional network depth on the accuracy of large-scale image recognition. they named their findings vgg16 (visual geometry group) and vgg19. read about vgg16 and its implementation using keras in this article.

Â 

4 ( https://www.datacamp.com/community/news/data-visualization-in-python-using-bokeh-4qf12eb0qiw )

-----------------------------------------------------------------------------------------------------------------------------------------
data visualization in python using bokeh ( https://www.datacamp.com/community/news/data-visualization-in-python-using-bokeh-4qf12eb0qiw )
-----------------------------------------------------------------------------------------------------------------------------------------

Â 

data visualizationÂ Â |Â Â  posted by virajb

Â 

upvotes ( https://www.datacamp.com/community/news/data-visualization-in-python-using-bokeh-4qf12eb0qiw )

12

data visualization is one of the key functions of a data scientist. drawing on context from algorithmic trading, this article explains how one can visualize data in python using bokeh.

Â 

5 ( https://www.datacamp.com/community/news/how-to-implement-alexnet-cnn-architecture-using-keras-7vq9ilt9qb7 )

---------------------------------------------------------------------------------------------------------------------------------------------------------------
implementing alexnet cnn architecture using keras ( https://www.datacamp.com/community/news/how-to-implement-alexnet-cnn-architecture-using-keras-7vq9ilt9qb7 )
---------------------------------------------------------------------------------------------------------------------------------------------------------------

Â 

neural networksÂ Â |Â Â  posted by rizwankhan19

Â 

upvotes ( https://www.datacamp.com/community/news/how-to-implement-alexnet-cnn-architecture-using-keras-7vq9ilt9qb7 )

12

alex krizhevsky, geoffrey hinton, and ilya sutskever created a neural network architecture called 'alexnet' and won the image classification challenge (ilsvrc) in 2012. in this article, you will learn how to implement alexnet architecture using keras.

Â 

6 ( https://www.datacamp.com/community/news/backtesting-long-short-moving-average-crossover-strategy-in-excel-qf8uag4tyj )

------------------------------------------------------------------------------------------------------------------------------------------------------------------------------------------
backtesting long short moving average crossover strategy in excel ( https://www.datacamp.com/community/news/backtesting-long-short-moving-average-crossover-strategy-in-excel-qf8uag4tyj )
------------------------------------------------------------------------------------------------------------------------------------------------------------------------------------------

Â 

financeÂ Â |Â Â  posted by virajb

Â 

upvotes ( https://www.datacamp.com/community/news/backtesting-long-short-moving-average-crossover-strategy-in-excel-qf8uag4tyj )

11

learn how to build the 'hello world' of trading strategies: the long short moving average crossover strategy.

Â 

7 ( https://www.datacamp.com/community/news/converting-tick-by-tick-data-to-ohlc-data-using-pandas-resample-yx9hbxo919e )

---------------------------------------------------------------------------------------------------------------------------------------------------------------------------------------
converting tick-by-tick data to ohlc data using pandas resample ( https://www.datacamp.com/community/news/converting-tick-by-tick-data-to-ohlc-data-using-pandas-resample-yx9hbxo919e )
---------------------------------------------------------------------------------------------------------------------------------------------------------------------------------------

Â 

pandasÂ Â |Â Â  posted by virajb

Â 

upvotes ( https://www.datacamp.com/community/news/converting-tick-by-tick-data-to-ohlc-data-using-pandas-resample-yx9hbxo919e )

11

in this pandas resample tutorial, see how to use the pandas package to convert tick by tick data to open, high, low, and close data in python.

Â 

8 ( https://www.datacamp.com/community/news/connecting-fxcm-over-fix-a-detailed-tutorial-vcbocuf3h2m )

---------------------------------------------------------------------------------------------------------------------------------------------------
connecting fxcm over fix - a detailed tutorial ( https://www.datacamp.com/community/news/connecting-fxcm-over-fix-a-detailed-tutorial-vcbocuf3h2m )
---------------------------------------------------------------------------------------------------------------------------------------------------

Â 

financeÂ Â |Â Â  posted by virajb

Â 

upvotes ( https://www.datacamp.com/community/news/connecting-fxcm-over-fix-a-detailed-tutorial-vcbocuf3h2m )

9

this article introduces you to the financial information exchange (fix) protocol, and how you can leverage quickfix as a messaging engine to manage communication on top of fix.

Â 

9 ( https://www.datacamp.com/community/news/introduction-to-zipline-in-python-q0ox9jhpj2k )

---------------------------------------------------------------------------------------------------------------------------
introduction to zipline in python ( https://www.datacamp.com/community/news/introduction-to-zipline-in-python-q0ox9jhpj2k )
---------------------------------------------------------------------------------------------------------------------------

Â 

pythonÂ Â |Â Â  posted by virajb

Â 

upvotes ( https://www.datacamp.com/community/news/introduction-to-zipline-in-python-q0ox9jhpj2k )

7

this blog post is an introduction to zipline in python. it covers the zipline package, highlighting some of its benefits, how to install it, and more!

Â 

10 ( https://www.datacamp.com/community/news/5-rising-trends-disrupting-the-2018-analytics-hiring-market-ebj1bs7gjl )

------------------------------------------------------------------------------------------------------------------------------------------------------------------------------
5 rising trends disrupting the 2018 analytics hiring market ( https://www.datacamp.com/community/news/5-rising-trends-disrupting-the-2018-analytics-hiring-market-ebj1bs7gjl )
------------------------------------------------------------------------------------------------------------------------------------------------------------------------------

Â 

careerÂ Â |Â Â  posted by lindaburtch

Â 

upvotes ( https://www.datacamp.com/community/news/5-rising-trends-disrupting-the-2018-analytics-hiring-market-ebj1bs7gjl )

7

burtch works looked at which current trends are shaking up the analytics hiring market this year, including their implications for both professionals and employers, as well as two trends on the horizon that are set to shake up the market in a big way.

Â 

Â 

datacamp community ( https://www.datacamp.com/community )

-----------------
by the community,
for the community
-----------------

discover ( https://www.datacamp.com/community )

Â 

------------------------------------------
that's all for now. have a great week!
------------------------------------------

Â 

Â 

datacamp ( https://www.datacamp.com )

Â 

datacamp inc. | 350 fifth avenue | suite 7730 | new york, ny 10118

Â 

facebook ( https://www.facebook.com/datacamp-726282547396228 )

twitter ( https://twitter.com/datacamp )

linkedin ( https://www.linkedin.com/company-beta/3227175 )

instagram ( https://www.instagram.com/datacamp/ )

youtube ( https://www.youtube.com/channel/uc79gv3myp6zkiswyemeik9a )

Â 

download on the app store ( https://itunes.apple.com/us/app/datacamp-learn-r-python/id1263413087 )

get it on google play ( https://play.google.com/store/apps/details?id=com.datacamp )

Â 

unsubscribe ( https://www.datacamp.com/mail_preferences/8bf2d6c7-636f-400d-9eb8-8a47993aae5e )</p>]",cn
1665908d646fcab5,gabriel from datacamp <team@datacamp.com>,election forecasting and polling,2018-10-09,"Contingency analysis, TensorFlow tutorial for beginners, recommended IDEs for data scientists and much more! DataCamp ISSUE #66 â€” OCTOBER 9, 2018 Happy Tuesday! This week we&#39;re diving into","[<p>contingency analysis, tensorflow tutorial for beginners, recommended ides for data scientists and much more!

Â 

datacamp ( https://www.datacamp.com )

Â 

issue #66 â€” october 9, 2018

Â 

happy tuesday! this week we're diving into contingency analysis in r, a tensorflow tutorial for beginners, recommended ides for data scientists and much more!

we also have a new episode of dataframed! andrew gelman, professor of statistics and political science, and director of the applied statistics center at columbia university, speaks with hugo about statistics, data science, polling, and election forecasting.

listen now ( https://www.datacamp.com/community/podcast/election-forecasting-polling )

Â 

-------------------
community top posts
-------------------

Â 

1 ( https://www.datacamp.com/community/tutorials/contingency-analysis-r )

----------------------------------------------------------------------------------------------------
contingency analysis using r ( https://www.datacamp.com/community/tutorials/contingency-analysis-r )
----------------------------------------------------------------------------------------------------

Â 

r programmingÂ Â |Â Â  posted by vedabrata10

Â 

upvotes ( https://www.datacamp.com/community/tutorials/contingency-analysis-r )

15

in this tutorial, you'll learn with the help of an example how 'contingency analysis' or 'chi-square test of independence works and also how efficiently you can run it using r.

Â 

2 ( https://www.datacamp.com/community/tutorials/tensorflow-tutorial )

------------------------------------------------------------------------------------------------------
tensorflow tutorial for beginners ( https://www.datacamp.com/community/tutorials/tensorflow-tutorial )
------------------------------------------------------------------------------------------------------

Â 

tensorflowÂ Â |Â Â  posted by talibkhweled

Â 

upvotes ( https://www.datacamp.com/community/tutorials/tensorflow-tutorial )

14

in this tensorflow beginner tutorial, you'll learn how to build a neural network step-by-step and how to train, evaluate and optimize it.

Â 

3 ( https://www.datacamp.com/community/news/how-to-implement-cnn-using-keras-step-by-step-epkonoygd1r )

----------------------------------------------------------------------------------------------------------------------------------------------------
step-by-step implementation of cnn using keras ( https://www.datacamp.com/community/news/how-to-implement-cnn-using-keras-step-by-step-epkonoygd1r )
----------------------------------------------------------------------------------------------------------------------------------------------------

Â 

cnnÂ Â |Â Â  posted by rizwankhan19

Â 

upvotes ( https://www.datacamp.com/community/news/how-to-implement-cnn-using-keras-step-by-step-epkonoygd1r )

14

in this module, you will check out the implementation of cnn using keras on mnist dataset and then you will compare the results with the regular neural network.

Â 

4 ( https://www.datacamp.com/community/news/pairs-trading-on-etf-epat-project-work-tqr52uv1fdn )

-------------------------------------------------------------------------------------------------------------------------------------
pairs trading on etf epat project work ( https://www.datacamp.com/community/news/pairs-trading-on-etf-epat-project-work-tqr52uv1fdn )
-------------------------------------------------------------------------------------------------------------------------------------

Â 

financeÂ Â |Â Â  posted by virajb

Â 

upvotes ( https://www.datacamp.com/community/news/pairs-trading-on-etf-epat-project-work-tqr52uv1fdn )

13

this project covers building a portfolio using 3 etf pairs in oil (uso vs xle), technology (xlk vs iyw), and financial sectors (xlf vs pscf).

Â 

5 ( https://www.datacamp.com/community/news/lenet-5-a-classic-hello-world-cnn-architecture-8lwolq0mpzr )

-----------------------------------------------------------------------------------------------------------------------------------------------------------------
lenet-5: a classic, 'hello-world' cnn architecture ( https://www.datacamp.com/community/news/lenet-5-a-classic-hello-world-cnn-architecture-8lwolq0mpzr )
-----------------------------------------------------------------------------------------------------------------------------------------------------------------

Â 

neural networksÂ Â |Â Â  posted by rizwankhan19

Â 

upvotes ( https://www.datacamp.com/community/news/lenet-5-a-classic-hello-world-cnn-architecture-8lwolq0mpzr )

12

yann lecun proposed a neural network architecture for handwritten and machine-printed character recognition in the 1990s which he called lenet-5. the architecture is straightforward and simple to understand which is why it is mostly used as the first step for teaching convolutional neural networks.

Â 

6 ( https://www.datacamp.com/community/news/real-effective-exchange-rate-reer-3vfgzg96tr8 )

-----------------------------------------------------------------------------------------------------------------------------
real effective exchange rate (reer) ( https://www.datacamp.com/community/news/real-effective-exchange-rate-reer-3vfgzg96tr8 )
-----------------------------------------------------------------------------------------------------------------------------

Â 

financeÂ Â |Â Â  posted by virajb

Â 

upvotes ( https://www.datacamp.com/community/news/real-effective-exchange-rate-reer-3vfgzg96tr8 )

9

the real effective exchange rate (reer) is the weighted average of a country's currency in relation to a basket of other currencies. this article talks about real effective exchange rates and how they are useful in measuring whether a currency has appreciated relative to its trading partners.

Â 

7 ( https://www.datacamp.com/community/news/data-science-2018-recap-salaries-hiring-trends-and-predictions-up0b8olnajf )

----------------------------------------------------------------------------------------------------------------------------------------------------------------------------------------
data science 2018 recap: salaries, hiring trends, and predictions ( https://www.datacamp.com/community/news/data-science-2018-recap-salaries-hiring-trends-and-predictions-up0b8olnajf )
----------------------------------------------------------------------------------------------------------------------------------------------------------------------------------------

Â 

careerÂ Â |Â Â  posted by lindaburtch

Â 

upvotes ( https://www.datacamp.com/community/news/data-science-2018-recap-salaries-hiring-trends-and-predictions-up0b8olnajf )

7

this 13-minute video shares the top insights from our new 2018 data science salary report, including compensation trends, developing hiring market trends, and our predictions for where the field is headed.

Â 

8 ( https://www.datacamp.com/community/news/aroon-indicator-how-to-use-it-for-cryptocurrency-trading-ievjzpn7e3c )

--------------------------------------------------------------------------------------------------------------------------------------------------------------------------
aroon indicator: how to use it for cryptocurrency trading ( https://www.datacamp.com/community/news/aroon-indicator-how-to-use-it-for-cryptocurrency-trading-ievjzpn7e3c )
--------------------------------------------------------------------------------------------------------------------------------------------------------------------------

Â 

financeÂ Â |Â Â  posted by virajb

Â 

upvotes ( https://www.datacamp.com/community/news/aroon-indicator-how-to-use-it-for-cryptocurrency-trading-ievjzpn7e3c )

7

this article helps to understand the aroon indicator, also known as aroon oscillator. in this blog, you will learn about how to use it in cryptocurrency trading.

Â 

9 ( https://www.datacamp.com/community/news/recommended-ide-for-data-scientists-and-machine-learning-engineers-c07vd112nsw )

---------------------------------------------------------------------------------------------------------------------------------------------------------------------------------------------
recommended ide for data scientists and machine learning engineers ( https://www.datacamp.com/community/news/recommended-ide-for-data-scientists-and-machine-learning-engineers-c07vd112nsw )
---------------------------------------------------------------------------------------------------------------------------------------------------------------------------------------------

Â 

ideÂ Â |Â Â  posted by lohobas

Â 

upvotes ( https://www.datacamp.com/community/news/recommended-ide-for-data-scientists-and-machine-learning-engineers-c07vd112nsw )

6

an overview of the development environments for data scientists and machine learning engineers programming in r, python, scala, and julia.

Â 

Â 

datacamp community ( https://www.datacamp.com/community )

-----------------
by the community,
for the community
-----------------

discover ( https://www.datacamp.com/community )

Â 

Â 

------------------------------------------
that's all for now. have a great week!
------------------------------------------

Â 

Â 

datacamp ( https://www.datacamp.com )

Â 

datacamp inc. | 350 fifth avenue | suite 7730 | new york, ny 10118

Â 

facebook ( https://www.facebook.com/datacamp-726282547396228 )

twitter ( https://twitter.com/datacamp )

linkedin ( https://www.linkedin.com/company-beta/3227175 )

instagram ( https://www.instagram.com/datacamp_official )

youtube ( https://www.youtube.com/channel/uc79gv3myp6zkiswyemeik9a )

Â 

download on the app store ( https://itunes.apple.com/us/app/datacamp-learn-r-python/id1263413087 )

get it on google play ( https://play.google.com/store/apps/details?id=com.datacamp )

Â 

unsubscribe ( https://www.datacamp.com/mail_preferences/8bf2d6c7-636f-400d-9eb8-8a47993aae5e )</p>]",cn
16635003a8a46233,gabriel from datacamp <team@datacamp.com>,what is data engineering?,2018-10-02,Demystifying Crucial Statistics in Python. For Loops in R. Customer Segmentation in Python. Writing R code the right way. Convolutional Neural Networks. Feature Selection in Python. And more! DataCamp,"[<p>demystifying crucial statistics in python. for loops in r. customer segmentation in python. writing r code the right way. convolutional neural networks. feature selection in python. and more!

Â 

datacamp ( https://www.datacamp.com )

Â 

issue #65 â€” october 2, 2018

Â 

hello - this week's featured top posts explore what data engineering is, convolutional neural networks, writing r code the right way, for loops in r, introducing customer segmentation in python and much more!

in this week's dataframed episode, hugo bowne-anderson speaks with vicki boykis about what full-stack end-to-end data science actually is and how it works in a consulting setting across various industries. check it out!

listen now ( https://www.datacamp.com/community/podcast/full-stack-data-science )

Â 

-------------------
community top posts
-------------------

Â 

1 ( https://www.datacamp.com/community/blog/data-engineering )

--------------------------------------------------------------------------------------
what is data engineering? ( https://www.datacamp.com/community/blog/data-engineering )
--------------------------------------------------------------------------------------

Â 

data engineeringÂ Â |Â Â  posted by hillary

Â 

upvotes ( https://www.datacamp.com/community/blog/data-engineering )

11

in this blog, you will learn what data engineering entails along with learning about our future data engineering course offerings.

Â 

2 ( https://www.datacamp.com/community/tutorials/demystifying-crucial-statistics-python )

---------------------------------------------------------------------------------------------------------------------------------
demystifying crucial statistics in python ( https://www.datacamp.com/community/tutorials/demystifying-crucial-statistics-python )
---------------------------------------------------------------------------------------------------------------------------------

Â 

machine learningÂ Â |Â Â  posted by spsayakpaul

Â 

upvotes ( https://www.datacamp.com/community/tutorials/demystifying-crucial-statistics-python )

11

learn about the basic statistics required for data science and machine learning in python.

Â 

3 ( https://www.datacamp.com/community/tutorials/introduction-customer-segmentation-python )

------------------------------------------------------------------------------------------------------------------------------------------
introduction to customer segmentation in python ( https://www.datacamp.com/community/tutorials/introduction-customer-segmentation-python )
------------------------------------------------------------------------------------------------------------------------------------------

Â 

pythonÂ Â |Â Â  posted by avinashnvln8

Â 

upvotes ( https://www.datacamp.com/community/tutorials/introduction-customer-segmentation-python )

11

in this tutorial, you're going to learn how to implement customer segmentation using rfm (recency, frequency, monetary) analysis from scratch in python.

Â 

4 ( https://www.datacamp.com/community/tutorials/feature-selection-python )

-----------------------------------------------------------------------------------------------------------------------------
beginner's guide to feature selection in python ( https://www.datacamp.com/community/tutorials/feature-selection-python )
-----------------------------------------------------------------------------------------------------------------------------

Â 

pythonÂ Â |Â Â  posted by spsayakpaul

Â 

upvotes ( https://www.datacamp.com/community/tutorials/feature-selection-python )

11

learn about the basics of feature selection and how to implement and investigate various feature selection techniques in python.

Â 

5 ( https://www.datacamp.com/community/news/convolutional-neural-network-cnn-in-a-nutshell-1tjyeh8p43h )

----------------------------------------------------------------------------------------------------------------------------------------------------------
in a nutshell: convolutional neural networks (cnns) ( https://www.datacamp.com/community/news/convolutional-neural-network-cnn-in-a-nutshell-1tjyeh8p43h )
----------------------------------------------------------------------------------------------------------------------------------------------------------

Â 

machine learningÂ Â |Â Â  posted by rizwankhan19

Â 

upvotes ( https://www.datacamp.com/community/news/convolutional-neural-network-cnn-in-a-nutshell-1tjyeh8p43h )

11

in this article, you will learn about the convolution operation, padding, pooling, convolutional layers and cnn architecture with graphical illustrations.

Â 

6 ( https://www.datacamp.com/community/news/r-best-practices-r-you-writing-the-r-way-ng442twxpe )

------------------------------------------------------------------------------------------------------------------------------------------
r best practices: r you writing the r way! ( https://www.datacamp.com/community/news/r-best-practices-r-you-writing-the-r-way-ng442twxpe )
------------------------------------------------------------------------------------------------------------------------------------------

Â 

r programmingÂ Â |Â Â  posted by virajb

Â 

upvotes ( https://www.datacamp.com/community/news/r-best-practices-r-you-writing-the-r-way-ng442twxpe )

10

this post covers some of the r programming best practices that can be implemented by programmers to improve code readability, consistency, and repeatability.

Â 

7 ( https://www.datacamp.com/community/news/how-softmax-activation-function-works-6qya1z8uxxx )

------------------------------------------------------------------------------------------------------------------------------------
how softmax activation function works? ( https://www.datacamp.com/community/news/how-softmax-activation-function-works-6qya1z8uxxx )
------------------------------------------------------------------------------------------------------------------------------------

Â 

neural networksÂ Â |Â Â  posted by rizwankhan19

Â 

upvotes ( https://www.datacamp.com/community/news/how-softmax-activation-function-works-6qya1z8uxxx )

10

unlike binary classification (0 or 1), we need multiple probabilities at the output layer of the neural network. this article explains the softmax activation function which is mostly used for classification problems for multiple probabilities.

Â 

8 ( https://www.datacamp.com/community/tutorials/for-loops-r )

---------------------------------------------------------------------------
for loops in r ( https://www.datacamp.com/community/tutorials/for-loops-r )
---------------------------------------------------------------------------

Â 

r programmingÂ Â |Â Â  posted by ryan

Â 

upvotes ( https://www.datacamp.com/community/tutorials/for-loops-r )

9

this tutorial takes course material from datacamp's intermediate r for finance course and allows you to practice for loops.

Â 

9 ( https://www.datacamp.com/community/news/architecture-explained-of-r-package-for-ib-ibrokers-36yomxrtrt7 )

---------------------------------------------------------------------------------------------------------------------------------------------------------------
architecture explained of r package for ib ibrokers ( https://www.datacamp.com/community/news/architecture-explained-of-r-package-for-ib-ibrokers-36yomxrtrt7 )
---------------------------------------------------------------------------------------------------------------------------------------------------------------

Â 

financeÂ Â |Â Â  posted by virajb

Â 

upvotes ( https://www.datacamp.com/community/news/architecture-explained-of-r-package-for-ib-ibrokers-36yomxrtrt7 )

9

this article gives a detailed overview of the architecture of the ibrokers package which is the r implementation of interactive brokers api.

Â 

Â 

datacamp community ( https://www.datacamp.com/community )

-----------------
by the community,
for the community
-----------------

discover ( https://www.datacamp.com/community )

Â 

alcoholic beverage by country ( https://www.reddit.com/r/dataisbeautiful/comments/9cvin7/preferred_alcoholic_beverage_by_country_in_europe/ )

Â 

preferred alcoholic beverage by country in europe: 1990 vs. 2015

Â 

Â 

------------------------------------------
that's all for now. have a great week!
------------------------------------------

Â 

Â 

datacamp ( https://www.datacamp.com )

Â 

datacamp inc. | 350 fifth avenue | suite 7730 | new york, ny 10118

Â 

facebook ( https://www.facebook.com/datacamp-726282547396228 )

twitter ( https://twitter.com/datacamp )

linkedin ( https://www.linkedin.com/company-beta/3227175 )

instagram ( https://www.instagram.com/datacamp_official )

youtube ( https://www.youtube.com/channel/uc79gv3myp6zkiswyemeik9a )

Â 

download on the app store ( https://itunes.apple.com/us/app/datacamp-learn-r-python/id1263413087 )

get it on google play ( https://play.google.com/store/apps/details?id=com.datacamp )

Â 

unsubscribe ( https://www.datacamp.com/mail_preferences/8bf2d6c7-636f-400d-9eb8-8a47993aae5e )</p>]",cn
1661134fd42392fb,gabriel from datacamp <team@datacamp.com>,ðŸ’¥ a few hours left to save big on datacamp!,2018-09-25,"Save Now &amp; Access the New Tidyverse Fundamentals Track, Data Scientist with Python Track, and much more! DataCamp ISSUE #64 â€” SEPTEMBER 25, 2018 DataCamp Weekly Happy Tuesday! This week&#39;s top","[<p>save now &amp; access the new tidyverse fundamentals track, data scientist with python track, and much more!

Â 

datacamp ( https://www.datacamp.com )

Â 

issue #64 â€” september 25, 2018

Â 

datacamp weekly ( https://www.datacamp.com/promo/superpower-2018?utm_source=customerio&amp;utm_medium=email&amp;utm_campaign=sept_promo_2018_newsletter )

happy tuesday! this week's top posts include an announcement for a brand new track, a podcast episode on how to deal with uncertainty in data science, social media post analysis, how to overcome the fear of programming and much more!

don't miss this opportunity to save big on datacamp! get ahead by making better decisions with data. this offer ends in a few hours!

save now ( https://www.datacamp.com/promo/superpower-2018?utm_source=customerio&amp;utm_medium=email&amp;utm_campaign=sept_promo_2018_newsletter )

Â 

-------------------
community top posts
-------------------

Â 

1 ( https://www.r-bloggers.com/save-on-an-annual-datacamp-subscription-less-than-2-days-left/ )

-------------------------------------------------------------------------------------------------------------------------------------
save on an annual datacamp subscription ( https://www.r-bloggers.com/save-on-an-annual-datacamp-subscription-less-than-2-days-left/ )
-------------------------------------------------------------------------------------------------------------------------------------

Â 

announcementÂ Â |Â Â  posted by gabriel

Â 

upvotes ( https://www.r-bloggers.com/save-on-an-annual-datacamp-subscription-less-than-2-days-left/ )

17

make data science your superpower and save big on datacamp!

Â 

2 ( https://www.datacamp.com/community/blog/skill-track-tidyverse-r )

------------------------------------------------------------------------------------------------------------------
new skill track: tidyverse fundamentals with r ( https://www.datacamp.com/community/blog/skill-track-tidyverse-r )
------------------------------------------------------------------------------------------------------------------

Â 

announcementÂ Â |Â Â  posted by chester

Â 

upvotes ( https://www.datacamp.com/community/blog/skill-track-tidyverse-r )

15

gain exposure to each component of the whole data science pipeline from a variety of different perspectives in this new tidyverse r track.

Â 

3 ( https://www.datacamp.com/community/podcast/uncertainty-data-science )

---------------------------------------------------------------------------------------------------
uncertainty in data science ( https://www.datacamp.com/community/podcast/uncertainty-data-science )
---------------------------------------------------------------------------------------------------

Â 

dataframedÂ Â |Â Â  posted by hugobowne

Â 

upvotes ( https://www.datacamp.com/community/podcast/uncertainty-data-science )

15

learn about uncertainty in data science and how we, as humans, are not always good at thinking about uncertainty, which we need be to in such an uncertain world. episode 41 with allen downey from olin college.

Â 

4 ( https://www.datacamp.com/community/tutorials/tpot-machine-learning-python )

--------------------------------------------------------------------------------------------
tpot in python ( https://www.datacamp.com/community/tutorials/tpot-machine-learning-python )
--------------------------------------------------------------------------------------------

Â 

mlÂ Â |Â Â  posted by pathakmanish2605

Â 

upvotes ( https://www.datacamp.com/community/tutorials/tpot-machine-learning-python )

14

in this tutorial, you will learn how to use a very unique library in python, tpot. the reason why this library is unique is that it automates the entire machine learning pipeline and provides you with the best performing machine learning model.

Â 

5 ( https://www.datacamp.com/community/news/how-the-support-vector-machine-algorithm-works-o0s2r6ttcek )

-------------------------------------------------------------------------------------------------------------------------------------------------------
how does support vector machine algorithms work? ( https://www.datacamp.com/community/news/how-the-support-vector-machine-algorithm-works-o0s2r6ttcek )
-------------------------------------------------------------------------------------------------------------------------------------------------------

Â 

svmÂ Â |Â Â  posted by rizwankhan19

Â 

upvotes ( https://www.datacamp.com/community/news/how-the-support-vector-machine-algorithm-works-o0s2r6ttcek )

9

in this module, you will learn about support vector machine or svm. you will understand how the support vector machine algorithm works, the process of implementation in python and the tricks to make the model efficient by tuning its parameters.

Â 

6 ( https://www.datacamp.com/community/news/deep-learning-with-tensorflow-playground-fwnwtc58si )

----------------------------------------------------------------------------------------------------------------------------------------
deep learning with tensorflow playground ( https://www.datacamp.com/community/news/deep-learning-with-tensorflow-playground-fwnwtc58si )
----------------------------------------------------------------------------------------------------------------------------------------

Â 

deep learningÂ Â |Â Â  posted by rizwankhan19

Â 

upvotes ( https://www.datacamp.com/community/news/deep-learning-with-tensorflow-playground-fwnwtc58si )

9

in this tutorial, you will use tensorflow playground to simulate the impact of changing neural network hyperparameters. it will help you strengthen your deep learning concepts.

Â 

7 ( https://www.datacamp.com/community/news/machine-learning-for-trading-how-to-predict-stock-prices-using-regre-bin1d1orjf8 )

-------------------------------------------------------------------------------------------------------------------------------------------------------------------------
how to predict stock prices using regression ( https://www.datacamp.com/community/news/machine-learning-for-trading-how-to-predict-stock-prices-using-regre-bin1d1orjf8 )
-------------------------------------------------------------------------------------------------------------------------------------------------------------------------

Â 

financeÂ Â |Â Â  posted by virajb

Â 

upvotes ( https://www.datacamp.com/community/news/machine-learning-for-trading-how-to-predict-stock-prices-using-regre-bin1d1orjf8 )

8

at this moment, ai and machine learning for trading have already progressed enough and they can predict stock prices with a great level of accuracy. this article talks about how it can be used for trading, and covers all the basics.

Â 

8 ( https://www.datacamp.com/community/news/trading-index-options-based-on-index-momentum-ajfuudg9osr )

---------------------------------------------------------------------------------------------------------------------------------------------------
trading index options based on index momentum ( https://www.datacamp.com/community/news/trading-index-options-based-on-index-momentum-ajfuudg9osr )
---------------------------------------------------------------------------------------------------------------------------------------------------

Â 

financeÂ Â |Â Â  posted by virajb

Â 

upvotes ( https://www.datacamp.com/community/news/trading-index-options-based-on-index-momentum-ajfuudg9osr )

8

this article is a project about trading index options and how to set up and study an index option trading model based on the index's momentum.

Â 

9 ( https://www.datacamp.com/community/news/overcome-the-fear-of-programming-2m1u8rhesxo )

-------------------------------------------------------------------------------------------------------------------------
overcome the fear of programming ( https://www.datacamp.com/community/news/overcome-the-fear-of-programming-2m1u8rhesxo )
-------------------------------------------------------------------------------------------------------------------------

Â 

programmingÂ Â |Â Â  posted by virajb

Â 

upvotes ( https://www.datacamp.com/community/news/overcome-the-fear-of-programming-2m1u8rhesxo )

7

this post gives few 5 simple steps to overcome the fear of programming usually faced by many beginners.

Â 

10 ( https://www.datacamp.com/community/news/extract-entities-from-social-media-posts-smmzruneaqr )

-----------------------------------------------------------------------------------------------------------------------------------------
extract entities from social media posts ( https://www.datacamp.com/community/news/extract-entities-from-social-media-posts-smmzruneaqr )
-----------------------------------------------------------------------------------------------------------------------------------------

Â 

social mediaÂ Â |Â Â  posted by elias

Â 

upvotes ( https://www.datacamp.com/community/news/extract-entities-from-social-media-posts-smmzruneaqr )

7

some strings mean more than just words in social media. hashtags, mentions, and emojis are three important entities that can help structure a social media posts dataset. check out how you can do that with python and advertools on a set of tweets including the hashtag #justdoit

Â 

Â 

datacamp community ( https://www.datacamp.com/community )

-----------------
by the community,
for the community
-----------------

discover ( https://www.datacamp.com/community )

Â 

------------------------------------------
that's all for now. have a great week!
------------------------------------------

Â 

Â 

datacamp ( https://www.datacamp.com )

Â 

datacamp inc. | 350 fifth avenue | suite 7730 | new york, ny 10118

Â 

facebook ( https://www.facebook.com/datacamp-726282547396228 )

twitter ( https://twitter.com/datacamp )

linkedin ( https://www.linkedin.com/company-beta/3227175 )

instagram ( https://www.instagram.com/datacamp_official )

youtube ( https://www.youtube.com/channel/uc79gv3myp6zkiswyemeik9a )

Â 

download on the app store ( https://itunes.apple.com/us/app/datacamp-learn-r-python/id1263413087 )

get it on google play ( https://play.google.com/store/apps/details?id=com.datacamp )

Â 

unsubscribe ( https://www.datacamp.com/mail_preferences/8bf2d6c7-636f-400d-9eb8-8a47993aae5e )</p>]",toc
165f734f5ccd6d0d,gabriel from datacamp <team@datacamp.com>,becoming a data scientist,2018-09-20,"Issue #63. Comparing Keras and TensorFlow. 7 resume tips for early analytics careers. Tensors with PyTorch. Understanding boxplots and much more! DataCamp ISSUE #63 â€” SEPTEMBER 20, 2018 We&#39;re","[<p>issue #63. comparing keras and tensorflow. 7 resume tips for early analytics careers. tensors with pytorch. understanding boxplots and much more!

Â 

datacamp ( https://www.datacamp.com )

Â 

issue #63 â€” september 20, 2018

Â 

we're excited to share our community content this week! starting with a comparison of keras and tensorflow for deep neural networks, followed by 7 resume tips for early analytics careers, tensors with pytorch, understanding boxplots and much more!

as usual, we also have a brand new podcast episode this week! what are the paths to becoming a data scientist, common data scientist profiles, and how to figure out which ones may be a fit for you? find out in episode 40 of dataframed, where hugo bowne-anderson speaks with renÃ©e teate from heliocampus!

listen now ( https://www.datacamp.com/community/podcast/becoming-data-scientist )

Â 

-------------------
community top posts
-------------------

Â 

1 ( https://www.datacamp.com/community/news/how-keras-is-more-efficient-than-tensorflow-on-deep-neural-networks-tasgm2z29ln )

--------------------------------------------------------------------------------------------------------------------------------------------------------------------------------------------
is keras more efficient than tensorflow on deep neural networks? ( https://www.datacamp.com/community/news/how-keras-is-more-efficient-than-tensorflow-on-deep-neural-networks-tasgm2z29ln )
--------------------------------------------------------------------------------------------------------------------------------------------------------------------------------------------

Â 

kerasÂ Â |Â Â  posted by rizwankhan19

Â 

upvotes ( https://www.datacamp.com/community/news/how-keras-is-more-efficient-than-tensorflow-on-deep-neural-networks-tasgm2z29ln )

10

in the previous module, we implemented a neural network application on e-commerce data set. now, we will build the same application using keras. in this module, we will learn that building a neural network application using keras is much simpler compared to tensorflow.

Â 

2 ( https://www.datacamp.com/community/news/deep-learning-artificial-neural-network-using-tensorflow-in-python-hb0c6jgbkpt )

----------------------------------------------------------------------------------------------------------------------------------------------------------------------------------------------
deep learning: artificial neural network using tensorflow in python ( https://www.datacamp.com/community/news/deep-learning-artificial-neural-network-using-tensorflow-in-python-hb0c6jgbkpt )
----------------------------------------------------------------------------------------------------------------------------------------------------------------------------------------------

Â 

tensorflowÂ Â |Â Â  posted by virajb

Â 

upvotes ( https://www.datacamp.com/community/news/deep-learning-artificial-neural-network-using-tensorflow-in-python-hb0c6jgbkpt )

9

in this article, we develop a machine learning technique called deep learning (artificial neural network) by using tensorflow and predicting stock price in python.

Â 

3 ( https://www.datacamp.com/community/tutorials/layers-neurons-artificial-neural-networks )

------------------------------------------------------------------------------------------------------------------------------------------
deduce the number of layers and neurons for ann ( https://www.datacamp.com/community/tutorials/layers-neurons-artificial-neural-networks )
------------------------------------------------------------------------------------------------------------------------------------------

Â 

neural networksÂ Â |Â Â  posted by ahmedfgad

Â 

upvotes ( https://www.datacamp.com/community/tutorials/layers-neurons-artificial-neural-networks )

9

there is an optimal number of hidden layers and neurons for an artificial neural network (ann). this tutorial discusses a simple approach for determining the optimal numbers of layers and neurons for ann's.

Â 

4 ( https://www.datacamp.com/community/news/how-to-predict-the-output-with-only-examples-without-any-ml-model-n2j3tl8489e )

----------------------------------------------------------------------------------------------------------------------------------------------------------------------------------------
how to predict output with only examples without any ml model? ( https://www.datacamp.com/community/news/how-to-predict-the-output-with-only-examples-without-any-ml-model-n2j3tl8489e )
----------------------------------------------------------------------------------------------------------------------------------------------------------------------------------------

Â 

knnÂ Â |Â Â  posted by rizwankhan19

Â 

upvotes ( https://www.datacamp.com/community/news/how-to-predict-the-output-with-only-examples-without-any-ml-model-n2j3tl8489e )

9

k nearest neighbor is the simplest supervised machine learning algorithm. knn is not explicitly learning a model and predicting the output by looking all the exampled together. it makes the algorithm simple with minimal training phase.

Â 

5 ( https://www.datacamp.com/community/news/7-more-resume-tips-for-early-career-analytics-professionals-2a60npc62r9 )

-------------------------------------------------------------------------------------------------------------------------------------------------------------------------------
7 more resume tips for early career analytics professionals ( https://www.datacamp.com/community/news/7-more-resume-tips-for-early-career-analytics-professionals-2a60npc62r9 )
-------------------------------------------------------------------------------------------------------------------------------------------------------------------------------

Â 

careerÂ Â |Â Â  posted by lindaburtch

Â 

upvotes ( https://www.datacamp.com/community/news/7-more-resume-tips-for-early-career-analytics-professionals-2a60npc62r9 )

8

our experts tackle common resume questions from analytics professionals including how to communicate your analytics experience effectively, how to write resume bullets, and what to include (or not include) when it comes to hobbies and side data projects.

Â 

6 ( https://www.datacamp.com/community/tutorials/investigating-tensors-pytorch )

-----------------------------------------------------------------------------------------------------------------
investigating tensors with pytorch ( https://www.datacamp.com/community/tutorials/investigating-tensors-pytorch )
-----------------------------------------------------------------------------------------------------------------

Â 

pythonÂ Â |Â Â  posted by spsayakpaul

Â 

upvotes ( https://www.datacamp.com/community/tutorials/investigating-tensors-pytorch )

7

in this tutorial, you'll learn about tensors, pytorch, and how to create a simple neural network with pytorch.

Â 

7 ( https://www.datacamp.com/community/news/understanding-boxplots-q9jx5m5w5nf )

-----------------------------------------------------------------------------------------------------
understanding boxplots ( https://www.datacamp.com/community/news/understanding-boxplots-q9jx5m5w5nf )
-----------------------------------------------------------------------------------------------------

Â 

statisticsÂ Â |Â Â  posted by codi

Â 

upvotes ( https://www.datacamp.com/community/news/understanding-boxplots-q9jx5m5w5nf )

7

a boxplot is a standardized way of displaying the distribution of data based on a five number summary (minimum, first quartile (q1), median, third quartile (q3), and maximum). it can tell you about your outliers and what their values are. it can also tell you if your data is symmetrical and more.

Â 

8 ( https://www.datacamp.com/community/podcast/data-science-stitch-fix )

--------------------------------------------------------------------------------------------------------------------
data science at stitch fix (with eric colson) ( https://www.datacamp.com/community/podcast/data-science-stitch-fix )
--------------------------------------------------------------------------------------------------------------------

Â 

dataframedÂ Â |Â Â  posted by hugobowne

Â 

upvotes ( https://www.datacamp.com/community/podcast/data-science-stitch-fix )

6

hugo speaks with eric colson, chief algorithms officer at stitch fix.

Â 

9 ( https://www.datacamp.com/community/news/machine-learning-ecommerce-how-it-is-redefining-retail-and-sales-w0cugbjlezb )

------------------------------------------------------------------------------------------------------------------------------------------------------------------------------------------
machine learning ecommerce: how it is redefining retail and sales ( https://www.datacamp.com/community/news/machine-learning-ecommerce-how-it-is-redefining-retail-and-sales-w0cugbjlezb )
------------------------------------------------------------------------------------------------------------------------------------------------------------------------------------------

Â 

machine learningÂ Â |Â Â  posted by bhargavavanhishikha

Â 

upvotes ( https://www.datacamp.com/community/news/machine-learning-ecommerce-how-it-is-redefining-retail-and-sales-w0cugbjlezb )

6

the ecommerce industry is growing across the world. from what started as a few stores that enabled online shopping; today, the smallest of brands are able to take their products online and market them to a large consumer base.

Â 

Â 

datacamp community ( https://www.datacamp.com/community )

-----------------
by the community,
for the community
-----------------

discover ( https://www.datacamp.com/community )

Â 

------------------------------------------
that's all for now. have a great week!
------------------------------------------

Â 

Â 

datacamp ( https://www.datacamp.com )

Â 

datacamp inc. | 350 fifth avenue | suite 7730 | new york, ny 10118

Â 

facebook ( https://www.facebook.com/datacamp-726282547396228 )

twitter ( https://twitter.com/datacamp )

linkedin ( https://www.linkedin.com/company-beta/3227175 )

instagram ( https://www.instagram.com/datacamp_official )

youtube ( https://www.youtube.com/channel/uc79gv3myp6zkiswyemeik9a )

Â 

download on the app store ( https://itunes.apple.com/us/app/datacamp-learn-r-python/id1263413087 )

get it on google play ( https://play.google.com/store/apps/details?id=com.datacamp )

Â 

unsubscribe ( https://www.datacamp.com/mail_preferences/8bf2d6c7-636f-400d-9eb8-8a47993aae5e )</p>]",toc
165c8d4a1f1d4e23,gabriel from datacamp <team@datacamp.com>,who is the 'worst' bachelor?,2018-09-11,The worst TV Bachelor. Credit Card Fraud Detection Tutorial. Popular Python Trading Platform. Working with Datetime Date in Python. Analyzing Cricket Performance in R and much more! DataCamp ISSUE #62,"[<p>the worst tv bachelor. credit card fraud detection tutorial. popular python trading platform. working with datetime date in python. analyzing cricket performance in r and much more!

Â 

datacamp ( https://www.datacamp.com )

Â 

issue #62 â€” september 11, 2018

Â 

hi there - happy tuesday! this week's newsletter starts off with an analysis of the worst bachelor on tv, followed by a credit card fraud detection tutorial, popular python trading platforms, working with datetime data in python, analyzing cricket performance in r and much more!

we also are launching a new podcast episode! hugo speaks with eric colson, chief algorithms officer at stitch fix, about how data science touches every aspect of their business!

listen now ( https://www.datacamp.com/community/podcast/data-science-stitch-fix )

Â 

-------------------
community top posts
-------------------

Â 

1 ( https://www.datacamp.com/community/news/scraping-and-plotting-who-is-the-worst-bachelor-o7i9f2mgsj )

--------------------------------------------------------------------------------------------------------------------------------------------------------------------
scraping &amp; plotting: who is the 'worst' bachelor? ( https://www.datacamp.com/community/news/scraping-and-plotting-who-is-the-worst-bachelor-o7i9f2mgsj )
--------------------------------------------------------------------------------------------------------------------------------------------------------------------

Â 

scrapingÂ Â |Â Â  posted by jakedaniels

Â 

upvotes ( https://www.datacamp.com/community/news/scraping-and-plotting-who-is-the-worst-bachelor-o7i9f2mgsj )

10

collaborative article on scraping imdb &amp; using ggplot2 visuals to find out who was the worst bachelor!

Â 

2 ( https://www.datacamp.com/community/news/credit-card-fraud-detection-using-machine-learning-algorithm-8dyh3fefvrb )

-----------------------------------------------------------------------------------------------------------------------------------------------------------------------
credit card fraud detection using machine learning ( https://www.datacamp.com/community/news/credit-card-fraud-detection-using-machine-learning-algorithm-8dyh3fefvrb )
-----------------------------------------------------------------------------------------------------------------------------------------------------------------------

Â 

machine learningÂ Â |Â Â  posted by rizwankhan19

Â 

upvotes ( https://www.datacamp.com/community/news/credit-card-fraud-detection-using-machine-learning-algorithm-8dyh3fefvrb )

10

credit card companies are able to recognize fraudulent credit card transactions so that customers are not charged for items that they did not purchase. this article covers how to implement machine learning based credit card fraud detection.

Â 

3 ( https://www.datacamp.com/community/news/popular-python-trading-platforms-for-algorithmic-trading-d8yxnm2m5n5 )

-------------------------------------------------------------------------------------------------------------------------------------------------------------------------
popular python trading platforms for algorithmic trading ( https://www.datacamp.com/community/news/popular-python-trading-platforms-for-algorithmic-trading-d8yxnm2m5n5 )
-------------------------------------------------------------------------------------------------------------------------------------------------------------------------

Â 

financeÂ Â |Â Â  posted by virajb

Â 

upvotes ( https://www.datacamp.com/community/news/popular-python-trading-platforms-for-algorithmic-trading-d8yxnm2m5n5 )

9

learn about the most popular python trading platforms and the most widely used python-based libraries for quantitative trading.

Â 

4 ( https://www.datacamp.com/community/news/how-to-implement-neural-network-model-using-tensorflow-opq8lyvcska )

----------------------------------------------------------------------------------------------------------------------------------------------------------------------
how to implement neural network model using tensorflow? ( https://www.datacamp.com/community/news/how-to-implement-neural-network-model-using-tensorflow-opq8lyvcska )
----------------------------------------------------------------------------------------------------------------------------------------------------------------------

Â 

tensorflowÂ Â |Â Â  posted by rizwankhan19

Â 

upvotes ( https://www.datacamp.com/community/news/how-to-implement-neural-network-model-using-tensorflow-opq8lyvcska )

9

tensorflow makes it simple to implement a neural network model. here, you will implement a neural network application using tensorflow on an e-commerce dataset. you will learn how to predict the yearly amount spent by each customer based on their browsing behavior.

Â 

5 ( https://www.datacamp.com/community/news/time-series-analysis-working-with-date-time-data-in-python-2m61bl63fbm )

-----------------------------------------------------------------------------------------------------------------------------------------------------------------------------
time series analysis: working with datetime data in python ( https://www.datacamp.com/community/news/time-series-analysis-working-with-date-time-data-in-python-2m61bl63fbm )
-----------------------------------------------------------------------------------------------------------------------------------------------------------------------------

Â 

time seriesÂ Â |Â Â  posted by virajb

Â 

upvotes ( https://www.datacamp.com/community/news/time-series-analysis-working-with-date-time-data-in-python-2m61bl63fbm )

9

this article discusses some important tools that are really helpful for traders to analyse time series data as well as design and backtest trading strategies. this blog focuses on how to deal with dates, frequency of the time series and more!

Â 

6 ( https://www.datacamp.com/community/news/option-chain-extraction-for-nse-stocks-using-python-do1gufqz1ru )

---------------------------------------------------------------------------------------------------------------------------------------------------------------
option chain extraction for nse stocks using python ( https://www.datacamp.com/community/news/option-chain-extraction-for-nse-stocks-using-python-do1gufqz1ru )
---------------------------------------------------------------------------------------------------------------------------------------------------------------

Â 

pythonÂ Â |Â Â  posted by virajb

Â 

upvotes ( https://www.datacamp.com/community/news/option-chain-extraction-for-nse-stocks-using-python-do1gufqz1ru )

7

this article explains how to scrape web data using python and how to extract option chain data for the stocks listed on the national stock exchange of india.

Â 

7 ( https://www.datacamp.com/community/news/the-most-important-machine-learning-algorithms-4yu879a10ch )

-----------------------------------------------------------------------------------------------------------------------------------------------------
the most important machine learning algorithms ( https://www.datacamp.com/community/news/the-most-important-machine-learning-algorithms-4yu879a10ch )
-----------------------------------------------------------------------------------------------------------------------------------------------------

Â 

machine learningÂ Â |Â Â  posted by lohobas

Â 

upvotes ( https://www.datacamp.com/community/news/the-most-important-machine-learning-algorithms-4yu879a10ch )

6

pros and cons of the top 11 algorithms every machine learning engineer should know.

Â 

8 ( https://www.datacamp.com/community/news/yorkr-pads-up-for-the-twenty20s-part-1-analyzing-teams-match-perfor-fdm6iykk01k )

----------------------------------------------------------------------------------------------------------------------------------------------------------------------
analyzing a cricket team's performance ( https://www.datacamp.com/community/news/yorkr-pads-up-for-the-twenty20s-part-1-analyzing-teams-match-perfor-fdm6iykk01k )
----------------------------------------------------------------------------------------------------------------------------------------------------------------------

Â 

r programmingÂ Â |Â Â  posted by tvganesh85

Â 

upvotes ( https://www.datacamp.com/community/news/yorkr-pads-up-for-the-twenty20s-part-1-analyzing-teams-match-perfor-fdm6iykk01k )

6

this is a tutorial on using the yorkr package to analyze cricket performance.

Â 

Â 

datacamp community ( https://www.datacamp.com/community )

-----------------
by the community,
for the community
-----------------

discover ( https://www.datacamp.com/community )

Â 

------------------------------------------
that's all for now. have a great week!
------------------------------------------

Â 

Â 

datacamp ( https://www.datacamp.com )

Â 

datacamp inc. | 350 fifth avenue | suite 7730 | new york, ny 10118

Â 

facebook ( https://www.facebook.com/datacamp-726282547396228 )

twitter ( https://twitter.com/datacamp )

linkedin ( https://www.linkedin.com/company-beta/3227175 )

instagram ( https://www.instagram.com/datacamp_official )

youtube ( https://www.youtube.com/channel/uc79gv3myp6zkiswyemeik9a )

Â 

download on the app store ( https://itunes.apple.com/us/app/datacamp-learn-r-python/id1263413087 )

get it on google play ( https://play.google.com/store/apps/details?id=com.datacamp )

Â 

unsubscribe ( https://www.datacamp.com/mail_preferences/8bf2d6c7-636f-400d-9eb8-8a47993aae5e )</p>]",toc
1656a28780be91c3,"""vivek gaikwad (via google drive)"" <gaikwadvivek6398@gmail.com>",dbms lab - request for access,2018-08-24,"Vivek Gaikwad is requesting access to the following folder: DBMS LAB Open sharing settings Google Drive: Have all your files within reach from any device. Google LLC, 1600 Amphitheatre Parkway,","[<p>gaikwadvivek6398@gmail.com requests access to an item:

dbms lab
https://drive.google.com/drive/folders/1djlufcwq_rvxuspqho298uop46hkmnpz?usp=sharing&amp;userstoinvite=gaikwadvivek6398@gmail.com&amp;ts=5b7f8749

you are the owner of this document. to give this user access, click the  
link above and add them as a collaborator or viewer.
</p>]",dbms
164cb3271f846d05,shrikant gadekar <gadekarshrikant42@gmail.com>,cn server side,2018-07-24,,,cn
164c1c463fa3a239,the datacamp team <team@datacamp.com>,tips and tricks from datacamp,2018-07-22,"Welcome to DataCamp! To help you get the most out of your data science education, we&#39;ve compiled some tips and tricks. â€Œ â€Œ â€Œ â€Œ â€Œ â€Œ â€Œ â€Œ â€Œ â€Œ â€Œ â€Œ â€Œ â€Œ â€Œ â€Œ â€Œ â€Œ â€Œ â€Œ â€Œ â€Œ â€Œ â€Œ â€Œ â€Œ â€Œ â€Œ â€Œ â€Œ â€Œ â€Œ â€Œ â€Œ â€Œ â€Œ â€Œ â€Œ â€Œ","[<p>welcome to datacamp! to help you get the most out of your data science education, we've compiled some tips and tricks.

Â â€ŒÂ â€ŒÂ â€ŒÂ â€ŒÂ â€ŒÂ â€ŒÂ â€ŒÂ â€ŒÂ â€ŒÂ â€ŒÂ â€ŒÂ â€ŒÂ â€ŒÂ â€ŒÂ â€ŒÂ â€ŒÂ â€ŒÂ â€ŒÂ â€ŒÂ â€ŒÂ â€ŒÂ â€ŒÂ â€ŒÂ â€ŒÂ â€ŒÂ â€ŒÂ â€ŒÂ â€ŒÂ â€ŒÂ â€ŒÂ â€ŒÂ â€ŒÂ â€ŒÂ â€ŒÂ â€ŒÂ â€ŒÂ â€ŒÂ â€ŒÂ â€ŒÂ â€ŒÂ â€ŒÂ â€ŒÂ â€ŒÂ â€ŒÂ â€ŒÂ â€ŒÂ â€ŒÂ â€ŒÂ â€ŒÂ â€ŒÂ â€ŒÂ â€ŒÂ â€ŒÂ â€ŒÂ â€ŒÂ â€ŒÂ â€ŒÂ â€ŒÂ â€ŒÂ â€ŒÂ â€ŒÂ â€ŒÂ â€ŒÂ â€ŒÂ â€ŒÂ â€ŒÂ â€ŒÂ â€ŒÂ â€ŒÂ â€ŒÂ â€ŒÂ â€ŒÂ â€ŒÂ â€ŒÂ â€ŒÂ â€ŒÂ â€ŒÂ â€ŒÂ â€ŒÂ â€ŒÂ â€ŒÂ â€ŒÂ â€ŒÂ â€ŒÂ â€ŒÂ â€ŒÂ â€ŒÂ â€ŒÂ â€ŒÂ â€ŒÂ â€ŒÂ â€ŒÂ â€ŒÂ â€ŒÂ â€ŒÂ â€ŒÂ â€ŒÂ â€ŒÂ â€ŒÂ â€ŒÂ â€ŒÂ â€ŒÂ â€ŒÂ â€ŒÂ â€ŒÂ â€ŒÂ â€ŒÂ â€ŒÂ â€ŒÂ â€ŒÂ â€ŒÂ â€ŒÂ â€ŒÂ â€ŒÂ â€ŒÂ â€ŒÂ â€ŒÂ â€ŒÂ â€ŒÂ â€ŒÂ â€ŒÂ â€ŒÂ â€ŒÂ â€ŒÂ â€ŒÂ â€ŒÂ â€ŒÂ â€ŒÂ â€ŒÂ â€ŒÂ â€ŒÂ â€ŒÂ â€ŒÂ â€ŒÂ â€ŒÂ â€ŒÂ â€ŒÂ â€ŒÂ â€ŒÂ â€ŒÂ â€ŒÂ â€ŒÂ â€ŒÂ â€ŒÂ â€ŒÂ â€ŒÂ â€ŒÂ â€ŒÂ â€ŒÂ â€ŒÂ â€ŒÂ â€ŒÂ â€ŒÂ â€ŒÂ â€ŒÂ â€ŒÂ â€ŒÂ â€ŒÂ â€ŒÂ â€ŒÂ â€ŒÂ â€ŒÂ â€ŒÂ â€ŒÂ â€ŒÂ â€ŒÂ â€ŒÂ â€ŒÂ â€ŒÂ â€ŒÂ â€ŒÂ â€ŒÂ â€ŒÂ â€ŒÂ â€ŒÂ â€ŒÂ â€ŒÂ â€ŒÂ â€ŒÂ â€ŒÂ â€ŒÂ â€ŒÂ â€ŒÂ â€ŒÂ â€ŒÂ â€ŒÂ â€ŒÂ â€Œ

Â 

datacamp ( https://www.datacamp.com )

Â 

Â 

data

camp

------------------------
datacamp tips and tricks
------------------------

welcome to datacamp! want to get the most of your datacamp education? here are some tips and tricks.

------
hello!
------

everyone gets stuck sometimes. when you do, here are some features of the datacamp platform designed to help you along. happy learning!

start coding ( https://www.datacamp.com )

Â 

--------------------
learn with your team
--------------------

learning together is always more fun than learning alone. datacamp for business ( https://www.datacamp.com/groups/business ) has tons of features to make learning together even easier!

learn with your team ( https://www.datacamp.com/groups/business )

Â 

personalized feedback ( https://www.datacamp.com )

---------------------
personalized feedback
---------------------

at datacamp, we try to get rid of unhelpful error messages so you can learn from your mistakes.

Â 

autocompletion ( https://www.datacamp.com )

--------------
autocompletion
--------------

eliminate pesky misspellings: simply start typing to take advantage of autocompletion.

Â 

error highlighting ( https://www.datacamp.com )

------------------
error highlighting
------------------

made a mistake? incorrect code is highlighted immediately, making it much easier to make corrections.

Â 

try it yourself ( https://www.datacamp.com )

Â 

Â 

datacamp ( https://www.datacamp.com )

Â 

datacamp inc. | 350 fifth avenue | suite 7730 | new york, ny 10118

Â 

facebook ( https://www.facebook.com/datacamp-726282547396228 )

twitter ( https://twitter.com/datacamp )

linkedin ( https://www.linkedin.com/company-beta/3227175 )

instagram ( https://www.instagram.com/datacamp_official )

youtube ( https://www.youtube.com/channel/uc79gv3myp6zkiswyemeik9a )

Â 

download on the app store ( https://itunes.apple.com/us/app/datacamp-learn-r-python/id1263413087 )

get it on google play ( https://play.google.com/store/apps/details?id=com.datacamp )

Â 

unsubscribe ( https://www.datacamp.com/mail_preferences/8bf2d6c7-636f-400d-9eb8-8a47993aae5e )</p>]",toc
164a321563865f56,aaditya deshpande <aadityadeshpande1998@gmail.com>,fwd: cn subnet group,2018-07-16,"---------- Forwarded message --------- From: shrikant gadekar &lt;gadekarshrikant42@gmail.com&gt; Date: Tue, 10 Jul 2018, 12:57 pm Subject: cn subnet group To: anand kale &lt;anand.kale65@gmail.com&gt;","[<p>---------- forwarded message ---------
from: shrikant gadekar <gadekarshrikant42>
date: tue, 10 jul 2018, 12:57 p.m.
subject: cn subnet group
to: anand kale <anand.kale65>, shrikant gadekar &lt;
gadekarshrikant42@gmail.com&gt;, vivek gaikwad <gaikwadvivek6398>,
aaditya deshpande <aadityadeshpande1998>, vaibhav chavan &lt;
chavanvaibhav17@gmail.com&gt;





import java.io.ioexception;
import java.util.*;
import java.net.inetaddress;

class cnlab3
{


public static void main(string args[])
{
scanner sc= new scanner(system.in);
system.out.print(""enter the ip address="");
string ip=sc.nextline();


//----split the ip address-------

string split_ip[] = ip.split(""\\."");

//----- converting the ip address to binary----

string split_bip[]= new string[4];

string bip = """";

for(int i=0;i&lt;4;i++)
{
split_bip[i]=appendzeroes(integer.tobinarystring(integer.parseint(split_ip[i])));
bip+=split_bip[i];
}
system.out.println(""the binary ipaddress is=""+bip);

//----- finding the subent mask-----

system.out.println(""enter the number of address"");
int n=sc.nextint();

int bits=(int)math.ceil(math.log(n)/math.log(2));
system.out.println(""the number of bits required=""+bits);

int mask=32-bits;
int total_address=(int)math.pow(2,bits);
system.out.println(""subnet mask is ""+mask);

//---- finding the first and last address----

//---- first address calculation--------
int fbip[]=new int[32];

for(int i=0;i&lt;32;i++)
{
//convert to the character 1,0 to integer 1,0

fbip[i]=(int)bip.charat(i)-48;

}

for(int i=31;i&gt;31-bits;i--)
{
//get first address by anding the last bits with 0

fbip[i] &amp;=0;
}

string fip[]={"""","""","""",""""};
for(int i=0;i&lt;32;i++)
{
fip[i/8]=fip[i/8]+fbip[i];
}
int first_offset=0;
int ipaddr[]=new int[4];  ;
system.out.println(""group 1 \nthe first address is:"");
for(int i=0;i&lt;4;i++)
{
system.out.print(ipaddr[i]=first_offset=integer.parseint(fip[i],2));
if(i!=3)
system.out.print(""."");
}
system.out.println();


//--- last address calculation----
int lbip[]=new int [32];

for(int i=0;i&lt;32;i++)
{
// convert the character 1,0 to integer 1,0

lbip[i]=(int)bip.charat(i)-48;
}

for(int i=31;i&gt;31-bits;i--)
{

// get last address by oring with last bits with 1

lbip[i]|= 1;
}
 string lip[]={"""","""","""",""""};
for(int i=0;i&lt;32;i++)
{
lip[i/8]=lip[i/8]+lbip[i];
}
int iplast[]=new int[4];
system.out.println(""the last address is:"");
for(int i=0;i&lt;4;i++)
{
system.out.print(iplast[i]=integer.parseint(lip[i],2));
if(i!=3)
system.out.print(""."");
}
system.out.println();
system.out.println(""how many groups do you want to form?"");
int scount=sc.nextint();
for(int j=1;j&lt;=scount;j++)
{
system.out.println(""how many customers are there in group""+j+"": "");
int cus=sc.nextint();
if(j==1)
{
system.out.println("" group ""+ (j+1)+"" first address:"");
for(int i=0;i&lt;4;i++)
{
if(i&lt;3)
{
system.out.print(ipaddr[i]+""."");
}
else
system.out.println(ipaddr[i]);
}
}
else
    {
system.out.println("" group ""+ (j+1)+"" first address:"");
for(int i=0;i&lt;4;i++)
{
if(i&lt;3)
{
system.out.print(ipaddr[i]+""."");
}
else
system.out.println(ipaddr[i]+1);
}
}
 if(j==1)
 {
system.out.println("" group ""+ (j+1)+"" last address:"");
for(int i=0;i&lt;4;i++)
{
if(i&lt;3)
{
system.out.print(iplast[i]+""."");
}
else
system.out.println(ipaddr[i]=ipaddr[i]+(cus-1));

}
system.out.println();
}
 else
 {
system.out.println("" group ""+ (j+1)+"" last address:"");
for(int i=0;i&lt;4;i++)
{
if(i&lt;3)
{
system.out.print(iplast[i]+""."");
}
else
system.out.println(ipaddr[i]=ipaddr[i]+(cus));

}
system.out.println();
}
}
try
{

system.out.println(""enter the ip address to ping="");
scanner s=new scanner(system.in);
string ip_add=s.nextline();
 inetaddress inet = inetaddress.getbyname(ip_add);
if(inet.isreachable(5000))
{
system.out.println(""the ip address is reachable""+ip_add);
}
else
{
system.out.println(""the ip address is not reachable""+ip_add);
}
}
 catch( ioexception e)
{
system.out.println(""exception:""+e.getmessage());
}
}

static string appendzeroes(string s)
{
string temp= ""00000000"";
return temp.substring(s.length())+ s;
}
}

run:
enter the ip address=255.255.255.0
the binary ipaddress is=11111111111111111111111100000000
enter the number of address
16
the number of bits required=4
subnet mask is 28
group 1
the first address is:
255.255.255.0
the last address is:
255.255.255.15
how many groups do you want to form?
3
how many customers are there in group1:


2
 group 2 first address:
255.255.255.0
 group 2 last address:
255.255.255.1

how many customers are there in group2:


3
 group 3 first address:
255.255.255.2
 group 3 last address:
255.255.255.4

how many customers are there in group3:

5
 group 4 first address:
255.255.255.5
 group 4 last address:
255.255.255.9

enter the ip address to ping=

the ip address is reachable
build successful (total time: 28 seconds)
</aadityadeshpande1998></gaikwadvivek6398></anand.kale65></gadekarshrikant42></p>, <gadekarshrikant42>
date: tue, 10 jul 2018, 12:57 p.m.
subject: cn subnet group
to: anand kale <anand.kale65>, shrikant gadekar &lt;
gadekarshrikant42@gmail.com&gt;, vivek gaikwad <gaikwadvivek6398>,
aaditya deshpande <aadityadeshpande1998>, vaibhav chavan &lt;
chavanvaibhav17@gmail.com&gt;





import java.io.ioexception;
import java.util.*;
import java.net.inetaddress;

class cnlab3
{


public static void main(string args[])
{
scanner sc= new scanner(system.in);
system.out.print(""enter the ip address="");
string ip=sc.nextline();


//----split the ip address-------

string split_ip[] = ip.split(""\\."");

//----- converting the ip address to binary----

string split_bip[]= new string[4];

string bip = """";

for(int i=0;i&lt;4;i++)
{
split_bip[i]=appendzeroes(integer.tobinarystring(integer.parseint(split_ip[i])));
bip+=split_bip[i];
}
system.out.println(""the binary ipaddress is=""+bip);

//----- finding the subent mask-----

system.out.println(""enter the number of address"");
int n=sc.nextint();

int bits=(int)math.ceil(math.log(n)/math.log(2));
system.out.println(""the number of bits required=""+bits);

int mask=32-bits;
int total_address=(int)math.pow(2,bits);
system.out.println(""subnet mask is ""+mask);

//---- finding the first and last address----

//---- first address calculation--------
int fbip[]=new int[32];

for(int i=0;i&lt;32;i++)
{
//convert to the character 1,0 to integer 1,0

fbip[i]=(int)bip.charat(i)-48;

}

for(int i=31;i&gt;31-bits;i--)
{
//get first address by anding the last bits with 0

fbip[i] &amp;=0;
}

string fip[]={"""","""","""",""""};
for(int i=0;i&lt;32;i++)
{
fip[i/8]=fip[i/8]+fbip[i];
}
int first_offset=0;
int ipaddr[]=new int[4];  ;
system.out.println(""group 1 \nthe first address is:"");
for(int i=0;i&lt;4;i++)
{
system.out.print(ipaddr[i]=first_offset=integer.parseint(fip[i],2));
if(i!=3)
system.out.print(""."");
}
system.out.println();


//--- last address calculation----
int lbip[]=new int [32];

for(int i=0;i&lt;32;i++)
{
// convert the character 1,0 to integer 1,0

lbip[i]=(int)bip.charat(i)-48;
}

for(int i=31;i&gt;31-bits;i--)
{

// get last address by oring with last bits with 1

lbip[i]|= 1;
}
 string lip[]={"""","""","""",""""};
for(int i=0;i&lt;32;i++)
{
lip[i/8]=lip[i/8]+lbip[i];
}
int iplast[]=new int[4];
system.out.println(""the last address is:"");
for(int i=0;i&lt;4;i++)
{
system.out.print(iplast[i]=integer.parseint(lip[i],2));
if(i!=3)
system.out.print(""."");
}
system.out.println();
system.out.println(""how many groups do you want to form?"");
int scount=sc.nextint();
for(int j=1;j&lt;=scount;j++)
{
system.out.println(""how many customers are there in group""+j+"": "");
int cus=sc.nextint();
if(j==1)
{
system.out.println("" group ""+ (j+1)+"" first address:"");
for(int i=0;i&lt;4;i++)
{
if(i&lt;3)
{
system.out.print(ipaddr[i]+""."");
}
else
system.out.println(ipaddr[i]);
}
}
else
    {
system.out.println("" group ""+ (j+1)+"" first address:"");
for(int i=0;i&lt;4;i++)
{
if(i&lt;3)
{
system.out.print(ipaddr[i]+""."");
}
else
system.out.println(ipaddr[i]+1);
}
}
 if(j==1)
 {
system.out.println("" group ""+ (j+1)+"" last address:"");
for(int i=0;i&lt;4;i++)
{
if(i&lt;3)
{
system.out.print(iplast[i]+""."");
}
else
system.out.println(ipaddr[i]=ipaddr[i]+(cus-1));

}
system.out.println();
}
 else
 {
system.out.println("" group ""+ (j+1)+"" last address:"");
for(int i=0;i&lt;4;i++)
{
if(i&lt;3)
{
system.out.print(iplast[i]+""."");
}
else
system.out.println(ipaddr[i]=ipaddr[i]+(cus));

}
system.out.println();
}
}
try
{

system.out.println(""enter the ip address to ping="");
scanner s=new scanner(system.in);
string ip_add=s.nextline();
 inetaddress inet = inetaddress.getbyname(ip_add);
if(inet.isreachable(5000))
{
system.out.println(""the ip address is reachable""+ip_add);
}
else
{
system.out.println(""the ip address is not reachable""+ip_add);
}
}
 catch( ioexception e)
{
system.out.println(""exception:""+e.getmessage());
}
}

static string appendzeroes(string s)
{
string temp= ""00000000"";
return temp.substring(s.length())+ s;
}
}

run:
enter the ip address=255.255.255.0
the binary ipaddress is=11111111111111111111111100000000
enter the number of address
16
the number of bits required=4
subnet mask is 28
group 1
the first address is:
255.255.255.0
the last address is:
255.255.255.15
how many groups do you want to form?
3
how many customers are there in group1:


2
 group 2 first address:
255.255.255.0
 group 2 last address:
255.255.255.1

how many customers are there in group2:


3
 group 3 first address:
255.255.255.2
 group 3 last address:
255.255.255.4

how many customers are there in group3:

5
 group 4 first address:
255.255.255.5
 group 4 last address:
255.255.255.9

enter the ip address to ping=

the ip address is reachable
build successful (total time: 28 seconds)
</aadityadeshpande1998></gaikwadvivek6398></anand.kale65></gadekarshrikant42>, <anand.kale65>, shrikant gadekar &lt;
gadekarshrikant42@gmail.com&gt;, vivek gaikwad <gaikwadvivek6398>,
aaditya deshpande <aadityadeshpande1998>, vaibhav chavan &lt;
chavanvaibhav17@gmail.com&gt;





import java.io.ioexception;
import java.util.*;
import java.net.inetaddress;

class cnlab3
{


public static void main(string args[])
{
scanner sc= new scanner(system.in);
system.out.print(""enter the ip address="");
string ip=sc.nextline();


//----split the ip address-------

string split_ip[] = ip.split(""\\."");

//----- converting the ip address to binary----

string split_bip[]= new string[4];

string bip = """";

for(int i=0;i&lt;4;i++)
{
split_bip[i]=appendzeroes(integer.tobinarystring(integer.parseint(split_ip[i])));
bip+=split_bip[i];
}
system.out.println(""the binary ipaddress is=""+bip);

//----- finding the subent mask-----

system.out.println(""enter the number of address"");
int n=sc.nextint();

int bits=(int)math.ceil(math.log(n)/math.log(2));
system.out.println(""the number of bits required=""+bits);

int mask=32-bits;
int total_address=(int)math.pow(2,bits);
system.out.println(""subnet mask is ""+mask);

//---- finding the first and last address----

//---- first address calculation--------
int fbip[]=new int[32];

for(int i=0;i&lt;32;i++)
{
//convert to the character 1,0 to integer 1,0

fbip[i]=(int)bip.charat(i)-48;

}

for(int i=31;i&gt;31-bits;i--)
{
//get first address by anding the last bits with 0

fbip[i] &amp;=0;
}

string fip[]={"""","""","""",""""};
for(int i=0;i&lt;32;i++)
{
fip[i/8]=fip[i/8]+fbip[i];
}
int first_offset=0;
int ipaddr[]=new int[4];  ;
system.out.println(""group 1 \nthe first address is:"");
for(int i=0;i&lt;4;i++)
{
system.out.print(ipaddr[i]=first_offset=integer.parseint(fip[i],2));
if(i!=3)
system.out.print(""."");
}
system.out.println();


//--- last address calculation----
int lbip[]=new int [32];

for(int i=0;i&lt;32;i++)
{
// convert the character 1,0 to integer 1,0

lbip[i]=(int)bip.charat(i)-48;
}

for(int i=31;i&gt;31-bits;i--)
{

// get last address by oring with last bits with 1

lbip[i]|= 1;
}
 string lip[]={"""","""","""",""""};
for(int i=0;i&lt;32;i++)
{
lip[i/8]=lip[i/8]+lbip[i];
}
int iplast[]=new int[4];
system.out.println(""the last address is:"");
for(int i=0;i&lt;4;i++)
{
system.out.print(iplast[i]=integer.parseint(lip[i],2));
if(i!=3)
system.out.print(""."");
}
system.out.println();
system.out.println(""how many groups do you want to form?"");
int scount=sc.nextint();
for(int j=1;j&lt;=scount;j++)
{
system.out.println(""how many customers are there in group""+j+"": "");
int cus=sc.nextint();
if(j==1)
{
system.out.println("" group ""+ (j+1)+"" first address:"");
for(int i=0;i&lt;4;i++)
{
if(i&lt;3)
{
system.out.print(ipaddr[i]+""."");
}
else
system.out.println(ipaddr[i]);
}
}
else
    {
system.out.println("" group ""+ (j+1)+"" first address:"");
for(int i=0;i&lt;4;i++)
{
if(i&lt;3)
{
system.out.print(ipaddr[i]+""."");
}
else
system.out.println(ipaddr[i]+1);
}
}
 if(j==1)
 {
system.out.println("" group ""+ (j+1)+"" last address:"");
for(int i=0;i&lt;4;i++)
{
if(i&lt;3)
{
system.out.print(iplast[i]+""."");
}
else
system.out.println(ipaddr[i]=ipaddr[i]+(cus-1));

}
system.out.println();
}
 else
 {
system.out.println("" group ""+ (j+1)+"" last address:"");
for(int i=0;i&lt;4;i++)
{
if(i&lt;3)
{
system.out.print(iplast[i]+""."");
}
else
system.out.println(ipaddr[i]=ipaddr[i]+(cus));

}
system.out.println();
}
}
try
{

system.out.println(""enter the ip address to ping="");
scanner s=new scanner(system.in);
string ip_add=s.nextline();
 inetaddress inet = inetaddress.getbyname(ip_add);
if(inet.isreachable(5000))
{
system.out.println(""the ip address is reachable""+ip_add);
}
else
{
system.out.println(""the ip address is not reachable""+ip_add);
}
}
 catch( ioexception e)
{
system.out.println(""exception:""+e.getmessage());
}
}

static string appendzeroes(string s)
{
string temp= ""00000000"";
return temp.substring(s.length())+ s;
}
}

run:
enter the ip address=255.255.255.0
the binary ipaddress is=11111111111111111111111100000000
enter the number of address
16
the number of bits required=4
subnet mask is 28
group 1
the first address is:
255.255.255.0
the last address is:
255.255.255.15
how many groups do you want to form?
3
how many customers are there in group1:


2
 group 2 first address:
255.255.255.0
 group 2 last address:
255.255.255.1

how many customers are there in group2:


3
 group 3 first address:
255.255.255.2
 group 3 last address:
255.255.255.4

how many customers are there in group3:

5
 group 4 first address:
255.255.255.5
 group 4 last address:
255.255.255.9

enter the ip address to ping=

the ip address is reachable
build successful (total time: 28 seconds)
</aadityadeshpande1998></gaikwadvivek6398></anand.kale65>, <gaikwadvivek6398>,
aaditya deshpande <aadityadeshpande1998>, vaibhav chavan &lt;
chavanvaibhav17@gmail.com&gt;





import java.io.ioexception;
import java.util.*;
import java.net.inetaddress;

class cnlab3
{


public static void main(string args[])
{
scanner sc= new scanner(system.in);
system.out.print(""enter the ip address="");
string ip=sc.nextline();


//----split the ip address-------

string split_ip[] = ip.split(""\\."");

//----- converting the ip address to binary----

string split_bip[]= new string[4];

string bip = """";

for(int i=0;i&lt;4;i++)
{
split_bip[i]=appendzeroes(integer.tobinarystring(integer.parseint(split_ip[i])));
bip+=split_bip[i];
}
system.out.println(""the binary ipaddress is=""+bip);

//----- finding the subent mask-----

system.out.println(""enter the number of address"");
int n=sc.nextint();

int bits=(int)math.ceil(math.log(n)/math.log(2));
system.out.println(""the number of bits required=""+bits);

int mask=32-bits;
int total_address=(int)math.pow(2,bits);
system.out.println(""subnet mask is ""+mask);

//---- finding the first and last address----

//---- first address calculation--------
int fbip[]=new int[32];

for(int i=0;i&lt;32;i++)
{
//convert to the character 1,0 to integer 1,0

fbip[i]=(int)bip.charat(i)-48;

}

for(int i=31;i&gt;31-bits;i--)
{
//get first address by anding the last bits with 0

fbip[i] &amp;=0;
}

string fip[]={"""","""","""",""""};
for(int i=0;i&lt;32;i++)
{
fip[i/8]=fip[i/8]+fbip[i];
}
int first_offset=0;
int ipaddr[]=new int[4];  ;
system.out.println(""group 1 \nthe first address is:"");
for(int i=0;i&lt;4;i++)
{
system.out.print(ipaddr[i]=first_offset=integer.parseint(fip[i],2));
if(i!=3)
system.out.print(""."");
}
system.out.println();


//--- last address calculation----
int lbip[]=new int [32];

for(int i=0;i&lt;32;i++)
{
// convert the character 1,0 to integer 1,0

lbip[i]=(int)bip.charat(i)-48;
}

for(int i=31;i&gt;31-bits;i--)
{

// get last address by oring with last bits with 1

lbip[i]|= 1;
}
 string lip[]={"""","""","""",""""};
for(int i=0;i&lt;32;i++)
{
lip[i/8]=lip[i/8]+lbip[i];
}
int iplast[]=new int[4];
system.out.println(""the last address is:"");
for(int i=0;i&lt;4;i++)
{
system.out.print(iplast[i]=integer.parseint(lip[i],2));
if(i!=3)
system.out.print(""."");
}
system.out.println();
system.out.println(""how many groups do you want to form?"");
int scount=sc.nextint();
for(int j=1;j&lt;=scount;j++)
{
system.out.println(""how many customers are there in group""+j+"": "");
int cus=sc.nextint();
if(j==1)
{
system.out.println("" group ""+ (j+1)+"" first address:"");
for(int i=0;i&lt;4;i++)
{
if(i&lt;3)
{
system.out.print(ipaddr[i]+""."");
}
else
system.out.println(ipaddr[i]);
}
}
else
    {
system.out.println("" group ""+ (j+1)+"" first address:"");
for(int i=0;i&lt;4;i++)
{
if(i&lt;3)
{
system.out.print(ipaddr[i]+""."");
}
else
system.out.println(ipaddr[i]+1);
}
}
 if(j==1)
 {
system.out.println("" group ""+ (j+1)+"" last address:"");
for(int i=0;i&lt;4;i++)
{
if(i&lt;3)
{
system.out.print(iplast[i]+""."");
}
else
system.out.println(ipaddr[i]=ipaddr[i]+(cus-1));

}
system.out.println();
}
 else
 {
system.out.println("" group ""+ (j+1)+"" last address:"");
for(int i=0;i&lt;4;i++)
{
if(i&lt;3)
{
system.out.print(iplast[i]+""."");
}
else
system.out.println(ipaddr[i]=ipaddr[i]+(cus));

}
system.out.println();
}
}
try
{

system.out.println(""enter the ip address to ping="");
scanner s=new scanner(system.in);
string ip_add=s.nextline();
 inetaddress inet = inetaddress.getbyname(ip_add);
if(inet.isreachable(5000))
{
system.out.println(""the ip address is reachable""+ip_add);
}
else
{
system.out.println(""the ip address is not reachable""+ip_add);
}
}
 catch( ioexception e)
{
system.out.println(""exception:""+e.getmessage());
}
}

static string appendzeroes(string s)
{
string temp= ""00000000"";
return temp.substring(s.length())+ s;
}
}

run:
enter the ip address=255.255.255.0
the binary ipaddress is=11111111111111111111111100000000
enter the number of address
16
the number of bits required=4
subnet mask is 28
group 1
the first address is:
255.255.255.0
the last address is:
255.255.255.15
how many groups do you want to form?
3
how many customers are there in group1:


2
 group 2 first address:
255.255.255.0
 group 2 last address:
255.255.255.1

how many customers are there in group2:


3
 group 3 first address:
255.255.255.2
 group 3 last address:
255.255.255.4

how many customers are there in group3:

5
 group 4 first address:
255.255.255.5
 group 4 last address:
255.255.255.9

enter the ip address to ping=

the ip address is reachable
build successful (total time: 28 seconds)
</aadityadeshpande1998></gaikwadvivek6398>, <aadityadeshpande1998>, vaibhav chavan &lt;
chavanvaibhav17@gmail.com&gt;





import java.io.ioexception;
import java.util.*;
import java.net.inetaddress;

class cnlab3
{


public static void main(string args[])
{
scanner sc= new scanner(system.in);
system.out.print(""enter the ip address="");
string ip=sc.nextline();


//----split the ip address-------

string split_ip[] = ip.split(""\\."");

//----- converting the ip address to binary----

string split_bip[]= new string[4];

string bip = """";

for(int i=0;i&lt;4;i++)
{
split_bip[i]=appendzeroes(integer.tobinarystring(integer.parseint(split_ip[i])));
bip+=split_bip[i];
}
system.out.println(""the binary ipaddress is=""+bip);

//----- finding the subent mask-----

system.out.println(""enter the number of address"");
int n=sc.nextint();

int bits=(int)math.ceil(math.log(n)/math.log(2));
system.out.println(""the number of bits required=""+bits);

int mask=32-bits;
int total_address=(int)math.pow(2,bits);
system.out.println(""subnet mask is ""+mask);

//---- finding the first and last address----

//---- first address calculation--------
int fbip[]=new int[32];

for(int i=0;i&lt;32;i++)
{
//convert to the character 1,0 to integer 1,0

fbip[i]=(int)bip.charat(i)-48;

}

for(int i=31;i&gt;31-bits;i--)
{
//get first address by anding the last bits with 0

fbip[i] &amp;=0;
}

string fip[]={"""","""","""",""""};
for(int i=0;i&lt;32;i++)
{
fip[i/8]=fip[i/8]+fbip[i];
}
int first_offset=0;
int ipaddr[]=new int[4];  ;
system.out.println(""group 1 \nthe first address is:"");
for(int i=0;i&lt;4;i++)
{
system.out.print(ipaddr[i]=first_offset=integer.parseint(fip[i],2));
if(i!=3)
system.out.print(""."");
}
system.out.println();


//--- last address calculation----
int lbip[]=new int [32];

for(int i=0;i&lt;32;i++)
{
// convert the character 1,0 to integer 1,0

lbip[i]=(int)bip.charat(i)-48;
}

for(int i=31;i&gt;31-bits;i--)
{

// get last address by oring with last bits with 1

lbip[i]|= 1;
}
 string lip[]={"""","""","""",""""};
for(int i=0;i&lt;32;i++)
{
lip[i/8]=lip[i/8]+lbip[i];
}
int iplast[]=new int[4];
system.out.println(""the last address is:"");
for(int i=0;i&lt;4;i++)
{
system.out.print(iplast[i]=integer.parseint(lip[i],2));
if(i!=3)
system.out.print(""."");
}
system.out.println();
system.out.println(""how many groups do you want to form?"");
int scount=sc.nextint();
for(int j=1;j&lt;=scount;j++)
{
system.out.println(""how many customers are there in group""+j+"": "");
int cus=sc.nextint();
if(j==1)
{
system.out.println("" group ""+ (j+1)+"" first address:"");
for(int i=0;i&lt;4;i++)
{
if(i&lt;3)
{
system.out.print(ipaddr[i]+""."");
}
else
system.out.println(ipaddr[i]);
}
}
else
    {
system.out.println("" group ""+ (j+1)+"" first address:"");
for(int i=0;i&lt;4;i++)
{
if(i&lt;3)
{
system.out.print(ipaddr[i]+""."");
}
else
system.out.println(ipaddr[i]+1);
}
}
 if(j==1)
 {
system.out.println("" group ""+ (j+1)+"" last address:"");
for(int i=0;i&lt;4;i++)
{
if(i&lt;3)
{
system.out.print(iplast[i]+""."");
}
else
system.out.println(ipaddr[i]=ipaddr[i]+(cus-1));

}
system.out.println();
}
 else
 {
system.out.println("" group ""+ (j+1)+"" last address:"");
for(int i=0;i&lt;4;i++)
{
if(i&lt;3)
{
system.out.print(iplast[i]+""."");
}
else
system.out.println(ipaddr[i]=ipaddr[i]+(cus));

}
system.out.println();
}
}
try
{

system.out.println(""enter the ip address to ping="");
scanner s=new scanner(system.in);
string ip_add=s.nextline();
 inetaddress inet = inetaddress.getbyname(ip_add);
if(inet.isreachable(5000))
{
system.out.println(""the ip address is reachable""+ip_add);
}
else
{
system.out.println(""the ip address is not reachable""+ip_add);
}
}
 catch( ioexception e)
{
system.out.println(""exception:""+e.getmessage());
}
}

static string appendzeroes(string s)
{
string temp= ""00000000"";
return temp.substring(s.length())+ s;
}
}

run:
enter the ip address=255.255.255.0
the binary ipaddress is=11111111111111111111111100000000
enter the number of address
16
the number of bits required=4
subnet mask is 28
group 1
the first address is:
255.255.255.0
the last address is:
255.255.255.15
how many groups do you want to form?
3
how many customers are there in group1:


2
 group 2 first address:
255.255.255.0
 group 2 last address:
255.255.255.1

how many customers are there in group2:


3
 group 3 first address:
255.255.255.2
 group 3 last address:
255.255.255.4

how many customers are there in group3:

5
 group 4 first address:
255.255.255.5
 group 4 last address:
255.255.255.9

enter the ip address to ping=

the ip address is reachable
build successful (total time: 28 seconds)
</aadityadeshpande1998>]",cn
164830ee94770126,vaibhav chavan <chavanvaibhav17@gmail.com>,cn lab,2018-07-10,,,cn
1646406076c3a92e,shweta borse <borseshweta18@gmail.com>,fwd: dbms,2018-07-04,"---------- Forwarded message ---------- From: Shweta Borse &lt;borseshweta18@gmail.com&gt; Date: Thu, Jun 28, 2018 at 11:05 AM Subject: DBMS To: uttarwargauri18@gmail.com",,dbms
1646030b1d983316,rohit agarwal <r.agal360@gmail.com>,dbms programs,2018-07-03,,,dbms
